2018-06-19 13:50:20.485508,70251835d5e126b588c629b970c0323543fc1a0d3391808cc0d988ecdab08b27
2018-06-19 13:50:27.992668,c08e2be61e98a8843dfdadeb3f2af1460378091ddafb53b24dc30c43a326d98d
2018-06-19 13:50:30.947159,67622621ab7e0dbefe6baa0ee160ca56b94d9d45e77d2074086136fcf3593ff0
2018-06-19 13:50:34.428447,5286e0b203a8bf85a2c4471f76b9e6be26e32e796b7874868ae23d804c5ffba4
2018-06-19 13:50:36.822864,a78cb84a878a94ad4f791719baca263df1d169e78a6dfc0b022e432fc58b201b
2018-06-19 13:50:39.034325,a5f25798cb21e6fd0ba34933888b75db63be243b41057cda8ff943ef3c5759dc
2018-06-19 13:50:41.669659,14bc12d144e002a1c95497f8d8bd324628c4f71eec14209e05e109131d7b7669
2018-06-19 13:50:43.132395,be0fb72ff9a8f02fb7bc23fc1bda2ad43467beb6c89f27c0af320cdea413b6ef
2018-06-19 13:50:46.376203,96e8132014862df17902dc310f3d9a5cf5d6e44e0b6e5caabd67183ae4919524
2018-06-19 13:50:49.432493,c713158c3c97a701f6e7739cfc02c1c627f12b695646791996c6789b2d83b26f
2018-06-19 13:50:52.176426,03a08df4cda985494732847f08277f41577df17fd5f5f6637249478dab2815ce
2018-06-19 13:50:54.413640,468284855bf7e6913a48d1e202eaefc71744b3905fca497ba8c0cd8ce4758ff3
2018-06-19 13:50:57.520344,62039dcff48ff6da4015c1721687d3bd095026f2e4a9e67beecaf4ca66c765a6
2018-06-19 13:50:58.478249,86a9207a93c0ff49282b7d4da5c6b3352ed640a90448be935e8d6dce404f2106
2018-06-19 13:51:05.557215,aa4ab227b3b495a7b9a19d27504cc9551b407239e2a9582258f33f16165df90d
2018-06-19 13:51:08.729168,14ed32c79422e2c060ffeb0ece812cc232bf2ee9cdc6aa237a4a4cb76f561d0a
2018-06-19 13:51:12.691691,41e0bbce4f51ffd2fa3b9cd831e404fc8f16b07ab2239b6ad5690c59da794f66
2018-06-19 13:51:14.759862,05d8d42626f77db18aa210a0aa21129cbad2243eb96a3847518f56e68f19f7be
2018-06-19 13:51:25.332971,3c626cba764bd0eeac0b069cd4cd81913571025b6894c50a1fe6ca58f13134fc
2018-06-19 13:51:27.004634,1dad8a531605c627a480da5eefbd298b11f8c6defafd4838c4e89df788785f0c
2018-06-19 13:51:32.483659,2c8a619d594403db74533a7d8f11625d636fa97160fb8437b6596b18bfd967e9
2018-06-19 14:20:07.509247,538302d68f4fbe890d53e03f783e592dacd3e3eafcbf68bb4361e3d431297b46
2018-06-19 14:20:08.499050,7bde8d4b34b25189f4964604c2c9d414cf9e86f0d6b0841e1b4033c3c88fa817
2018-06-19 14:20:12.942614,8f9e903094ed80ba8c27248ef532fbc57fb0fb8f72129271e67d2c48a46e8c4d
2018-06-19 14:20:13.678698,93b2000283984fa25dbb8d5085b979b362a39445ce753b2a97c880d6f9c75f08
2018-06-19 14:20:17.580950,5aa94592d58d97af6885fa43286b8c1862714eec0bd3f0fd478f6004356fee32
2018-06-19 14:20:19.382392,db11e749de8eaadd33fe65948ce2ae8f03d19057a54b2f0fc7228b160a1d0797
2018-06-19 14:20:20.328528,2db46ef6691177c6fd26e16ef213b3dd5cde01b04c80745388b90479b4a260f8
2018-06-19 14:20:24.829280,0de098c726015b59326bb19ca634144d0f343a3da57c3b7fa2d8076c7465880d
2018-06-19 14:20:26.955201,3227f9c1d85ae3ac6854986f339c4164f883387eef210abeed4ed94fc6e5e9df
2018-06-19 14:20:29.685365,8c1c3df241ed4d5dcec605f9829f3813026d7cc959efdb6287542edacda4c610
2018-06-19 14:20:31.716242,eda1af3380ca174f0aa39b9d66e2cef2c5cd07d049c930adf3298fc24890f381
2018-06-19 14:20:32.680848,0ece5f0afc5f52cd06f61fb79f373187b9bd902267906aff4e03858e995f3b43
2018-06-19 14:20:36.158837,2871b542b2ce884b43d9ccbc994ad9aa0d7b30a804888fd86a0f75ac97631103
2018-06-19 14:20:38.465850,a0e111a29d36689aa145d16bb5220f868302acbce5313bed51019f512c8a6766
2018-06-19 14:20:41.882241,a95f72572e479a19cf87e173d321415c3484e5c211f3a930e70384614ef7cf1d
2018-06-19 14:20:44.503491,86cd4c888b85193eb4fac0ce4bc9a87f9a612075e15ed1eb4dee320f5f8361e6
2018-06-19 14:20:45.587716,a8b1ecbc57ed1bd37cec12eb6020816330dc1be51c64310676d6f1b9b857f290
2018-06-19 14:20:51.389742,d9ff510a0d880fd2214ee2e706699d6a3b0bf7c1458bcfee1aacd29031284fbd
2018-06-19 14:20:52.422304,2b2745058780519f4409ce8517646e0e3e2bd63bfb326a0ab741ecd306cfe5e8
2018-06-19 14:20:56.458438,f5f085356640127790a8b8fd4ee1f62d7ed9b298b7d8fbdea44d8947191c59cf
2018-06-19 14:20:58.225020,326a10b24b488f9e6f21ef6ecd766afc5044e505a4f9144515e45b3951a17805
2018-06-19 14:20:59.249614,fcb1710922589f632b3a5d743f39bb1589dab853bda66322fbe9e13f2fdf4c89
2018-06-19 14:21:03.119597,6b8e47e89c0e3f928d3d07c3e4185afd2bf62dd356887dadd1189c78fc19a35a
2018-06-19 14:21:05.534444,ea2b3cb54253023f1f5e199026f00f75ce1f460a0979b71752a38962ec079f4b
2018-06-19 14:21:07.333386,088953cd1eb17a6278d4db2326140d653afc996c8989c629f84b7b258f303edc
2018-06-19 14:21:09.391768,fdc91eb17ccd5d3012c51271f7e7bd8b23243bd6d9aa08fe6836a7eaaf5c3084
2018-06-19 14:21:11.432836,40a2e0545e9f7a4fc995fcb3a4501b7914d173fe1391833cc131475228e1273c
2018-06-19 14:21:12.418169,15dc30d644177ab427246af92f5694afe7169dfb51fac32b62c24ef75656edf7
2018-06-19 14:21:21.000716,3a849c19a59209114305c3237da117b7e31fe48205e1a5eacc3a0715640cc9df
2018-06-19 14:21:23.240308,6c43676f514f288cd0ad3f4518b134a28efa440a85bc5f572a35d10321308c3e
2018-06-19 14:21:25.115821,b13d283cebc88cfd621c89afc403fffe6489cacc56444f6780ec04ed3f7de280
2018-06-19 14:21:26.019883,4b2c5ad725cbadeb664b1fcf738edb6d99d5aed55e916e1a3651faee50ead7c9
2018-06-19 14:21:29.183463,c0b4e47c1a7e0f594791eddd5ef82e74599d9d45ea5c9ec0b1bd735824bc5fc5
2018-06-19 14:21:30.183732,2954375682e7808101e2c252b9c74588c82fa77500eb906eaca07db091ac642a
2018-06-19 14:21:34.095362,0043eedf3aa6c5d88e653488662de9006c0df8064c14e851e37a843c178f1977
2018-06-19 14:21:36.767221,05f0f9e1c18aa02524ed0ebfdf487572a8b5f7888874ff19582d7231614cb417
2018-06-19 14:21:38.635100,63bdc243f95b7037c905b286e7c0a0197803d3261d6fa8e53f926508caf395da
2018-06-19 14:21:40.429277,6e957a609fd82748bab2cbb9527ce94dd2bed98a463538e6fbf7b8a5fdf5adf4
2018-06-19 14:21:45.047550,074abc261a2b23b9610298f8c2e1f03410566f649cf955a09b12c3aca98924ab
2018-06-19 14:21:46.364409,ed0d999a86b9d8c1fecc5f0430147b3d2da85a71bdf0159ad0f09ae6f60e535c
2018-06-19 14:21:50.395879,8d1b5dadbce8da0047e778e7140815aca436911bd99570529d92d49213d9cc34
2018-06-19 14:21:52.377593,80e760653f4fa3bf3e1d05a1bc56c4fd9e92b4dc5344dbfd4012cfba59737a0c
2018-06-19 14:21:54.447284,cdd3ff832e7f7e85c25447e497ecc63af20f9573920092363f625c55c0dec54c
2018-06-19 14:21:56.316353,d993d1245cc535af0d7e0d9ff70c42bfdb2993249d16e201f96eab0f20735179
2018-06-19 14:21:58.694953,df4aad384e321ed46b357cf00d22b33bf95f5bc2e948dc2e1ec79cc8dfec0a49
2018-06-19 14:22:00.549582,581abf2efdd8cc1676c982ed086135729670777ddb65992be126964e3802a7db
2018-06-19 14:22:02.564946,0835a4a84ca2839f09f5bb984730d2ed392836687029b74f40d07d0ca64dab01
2018-06-19 14:22:04.422006,e9785d394ad6c7853f485a2256795076d560a89ae9cc4425ae79fe13ba0ec685
2018-06-19 14:22:05.460927,c0be3e460833335fa2a89e0d40a28d1d91b06ca0fb9b0b0103bdf7cbc674f328
2018-06-19 14:22:11.825314,e1fa101218650495dc8033028c5a1f94c6f73c500b04381b11f49103858f9a1d
2018-06-19 14:22:13.832273,a65b7205229a9456e50e975f093660473830407c41886754b86dadd1feb7d942
2018-06-19 14:22:16.276182,e35dd08c1c6319fcbd7da7cdfb9f5596e2043ed9b3ff32f8652c01c6e9bf0c6d
2018-06-19 14:22:17.230834,362f71fe98cc25dee7b2ed1b44e49b55f5b83a673de0b32ab5b0ba2127d05772
2018-06-19 14:22:23.770626,49fece9ca914c76526e4a7c5e1206c609a1ae8476a9f33269cceaffca97f54ea
2018-06-19 14:22:25.850697,ad6bd740270d0a8b3aa2fd2e4489974bd2fae634f539870c0d6c8fbbc234a84f
2018-06-19 14:22:27.723125,c68d2aebd95c8b8cc918a06ad94fec68e9f99dbbae274de5483346172bb98d3e
2018-06-19 14:22:30.116310,3f6824e8c542b22cab39f0565fab142dd07a690820daa02353ae435c0d5b6c5d
2018-06-19 14:22:32.127332,3da61b4ffb68455bf552f727e413071675804848b7b702070ed0879cca4eadf7
2018-06-19 14:22:33.823715,82d07593bf81391637c17eb0f5075f9674b311900f3af554aa30fa4cb5e3941d
2018-06-19 14:22:35.572378,1b0a0ceb4bfa75895ceac15e3adb77827f0f0187c275e97e11038ec19f05a994
2018-06-19 14:22:37.343329,2f27a7acf185029722ae2ac8d006d6492067337804d5250831081eef4eaafc30
2018-06-19 14:22:39.266568,30a430aa9e3dd8ffe88f8930863e25f2f08d4bcdf7fef6395a59c4045bbeea58
2018-06-19 14:22:40.894345,1484cb42a368f76c408f3850c87246cd0b9accdf7abdb912c5025aa758067257
2018-06-19 14:22:41.937292,4ffa7504af213a6fcc8c64d4803bef492d11528a4d914b7f4f00b71973750caa
2018-06-19 14:22:45.959720,314e02ae2ad861ca9a33c9773d0d077935d90d64e3e385cb56dc0a3d07ee8bcd
2018-06-19 14:22:50.633799,e6e86a48ebe5c047947ca3a116f7ca175d63691230a93885f3657cac36a5971f
2018-06-19 14:22:52.768136,b5f9350ed3768f64b1cf096b16e1768dd4d95a95dbe9e74830db2deea0b8f347
2018-06-19 14:22:54.370750,115cba9ad7f7ede5ae89668ebf5b95920aeded725431a33b444cf8e5bcad204b
2018-06-19 14:22:56.071167,736097a4dbe6c2c315f000537472ac145aa065803c6c212128916412f59d88c8
2018-06-19 14:22:57.781117,ebc14723cd83e0d272443a3f915406d87589b667c95998519a07adff8064ac80
2018-06-19 14:22:59.632256,bdf9d6716b744bffbdc7bf0b3dfb34945291df646411e50d519787a8fedf544c
2018-06-19 14:23:03.123674,135350356b6868242cd2fb2c7241d4eb62b73a81ba2abc172b07c7e2b376ce09
2018-06-19 14:23:05.223386,37cef65cdf2c3d5da447621246f5b3415e0cacb566cc21b13950b1d82002b515
2018-06-19 14:23:06.979115,b96687bd2a05284b20015e2bdc34ed2286975a59e2380b9b25bd48b0e23536e1
2018-06-19 14:23:08.722972,02b773764df0dd5a7cecc06c6f68366e666d9200398fc772033391f7a8145610
2018-06-19 14:23:14.260795,63aedfc3b7b53d91ce7d2fdfe8abb9b7e013294ad2e5ed982402d7af140bedbb
2018-06-19 14:23:16.916060,8b9821c548f0998f861aa0ea1e4f1695b544730eed946a34ed9e82c2a65d0703
2018-06-19 14:23:19.563814,c6188d13c9659b943f150eac833346dc69b6edd9ab4a8ec9d75f8a28d02263a9
2018-06-19 14:23:21.854315,8e9a4787f9dc5ca818f5dcf5e822c33bbbedb440a6d69968e4498a13517aa4f2
2018-06-19 14:23:23.903617,038334aecd28e6a3adc63f5905bc98aa63de7a865bfb8a06fd8da73a11d4e06f
2018-06-19 14:23:25.801857,e2b2891bdc3e656a07c30f5fdaf10c3c0f0bb573792d3bbc487d84e71f548ce2
2018-06-19 14:23:26.700027,e9d68c157146b3a44e371d4fb954f7739c365f5e886c35d241aaee26ea414e67
2018-06-19 14:23:29.962288,f7fb08268715b66cb8d69a11704b5bf34a67538ce5c8a7935941da3bc504da3a
2018-06-19 14:23:31.736147,d6faf6ecb53a28ee4e89b03b8e8ea5f7c7ac1ed9590c3bdc34d58c4f98694647
2018-06-19 14:23:32.643240,b82cd68f0b8f30631e44d65ebdb6b251ee4b1f3f7b0ba3ad82d354cb5cc73207
2018-06-19 14:23:36.670789,c0a063fdbac90e9754a1c4358fb3f12bf7e8442e713a33d7d5e7d80986fc5342
2018-06-19 14:23:39.187008,c94775ab78c51147be6cccfc12d2ec3d1e5de54bfca441453aa66e4bc0eab850
2018-06-19 14:23:41.539238,10fa70fa4744af29e8a7f7c5cc76c9ad26510f12dcbcde62abae0839d52b3287
2018-06-19 14:23:42.683212,4bce18ade386f85d3e6fc49e809dfd74ac5aac369f857b62b6bfdde905647d3a
2018-06-19 14:23:47.314622,34dcdf734f21130b0d776074a1ed16bdaa7ebaa481436f9b0e75f453d5f3b8cc
2018-06-19 14:24:02.278689,7116237649798a2bd28103509454b779c5e28868e909b304e2e394451e0326ff
2018-06-19 14:24:03.344605,5b2249ec21587adfdfc300343a9a0ef117a1fb2212f47f301024e0d638fe378f
2018-06-19 14:24:11.320566,e0935cf6c2979cbdc2c3178cbb7507343019dd079827372952c041c0d1e9c413
2018-06-19 14:24:14.379139,73d9817915fc4972772bf1f4287bd90b61a499bcd8be65263cd6902754b34290
2018-06-19 14:24:16.189461,a42796870468988aa85cffe09bdce7213e8a2dd6bfb288cf9159b812b6c8820b
2018-06-19 14:24:19.861329,cf01ae117aea89262cd2c8f2174ca169d3b40251b2bd08e79cac4f85b9e0b933
2018-06-19 14:24:22.599243,bf457b9410bf3d1e4c4fd5e1b41f509486faea5963350dc94bb0b186cd6b99d3
2018-06-19 14:24:25.827197,435424b278a20b094afecfc27d2e8a30196d25ff78f4b27afc2ed377e839e037
2018-06-19 14:24:27.537375,cb86e6c0ec476069c9eac75c07d2e4a7048a1b3e7f407dba59d80ad153c6e34d
2018-06-19 14:24:30.374536,915e1eefb7b6bde8a0735bebb165467bcf75941916ab9c665b3a14df6b2219c4
2018-06-19 14:24:31.407476,ed86f11ac30ae9e3e3d005f3e2b5b2b624b0e0166d23c13e0cd443655a1acb87
2018-06-19 14:24:44.841309,035d4f4b37015458da46705750e1075d309e61f5c65234fc6ed53dcec3b529d9
2018-06-19 14:24:47.053376,ca3f3f970a4c1ac5764e5578e2a6fdbb5515ee69ba6d8c4aea1d43200c864ccf
2018-06-19 14:24:48.109246,604e263e5de40e2f7d571a87df4ad981d7bbcb3b2b435224e24aa0b43d60e36f
2018-06-19 14:24:56.464210,3bf202870eeeae27c93a23577f042d0e65d82e3400652e535fd88608b202e8e6
2018-06-19 14:24:59.090735,0a35b6fcc9276d40905e581094bd5824eadf40284e459e074790866b7a5a7c15
2018-06-19 14:25:00.207164,76e30240ea9ed43d2aaaba38bce4dea3209378b36919dd70f8e70e98bf96d55e
2018-06-19 14:25:06.641787,4a710a8a826c78d3e7c5e762fbc518d9c07788e1a1c9abc8518fa5abae25befd
2018-06-19 14:25:08.696816,e55ec30cf206cff9d4d6263a55efbddd45f35e973b01b0364befd245373b6e6d
2018-06-19 14:25:09.735320,4f27fac51821b0800c0f2cb0921c67e7cad692dc4267579ba9374502cbccd332
2018-06-19 14:25:14.857983,e5664be884dbe8347a0bc6a43e86279a20cc02dd4f2adfe5a117d087b45fec99
2018-06-19 14:25:16.022926,c4d7404fde78f5861622df6052c31f3e0e1d3a767f9ff79fc2064b5c98174f0f
2018-06-19 14:25:20.655698,0bcea43f4311ff3fcdea4fe361fd62ba093bf1af077f6cc01cb17847b6316040
2018-06-19 14:25:23.404287,cf1e0863b121a5ec98654d76296efa0d43ffb3f6773df351aa94ca652a3dce7c
2018-06-19 14:25:25.526878,5de0f3d3d4b59e6f42e86fa110d5b777031eb7dea204f9a387fac17e647b457e
2018-06-19 14:25:26.531654,f177f4c107ca2d78fdf7651acd46c2f23ebb9ac127f2c6b7549b53cd7cd87731
2018-06-19 14:25:32.207967,5899659e66218142cd86e7f817b7a91ee3b8e645b9970a65420985ff002a10fa
2018-06-19 14:25:34.868256,7efbcd20a7b9d4cc2716721e016ec7af32ece6555044b60a27f08ae814b736e4
2018-06-19 14:25:37.130126,b85a6cf354dbd7a183a39eec37ce3047a92564efb417feb927dcb523e6bc0a99
2018-06-19 14:25:39.407255,6010641db06a4b90fa0f4c83fc020619958c4fb4218d941ab9044629d82a30d3
2018-06-19 14:25:40.467951,e58feb4f5051c847b23f094c034baab6b383456103cc1379be393db8929c715e
2018-06-19 14:25:44.783728,88e891f9457a149fd834043bae94e5ced51ae320a5bccaf31f1b542aac851733
2018-06-19 14:25:47.286442,bb911ecf10e1ffae2ca841a81750fbde51fcb39b044dc0bfb3e132da1bd41e37
2018-06-19 14:25:49.563087,1a66b8217923d5390f782f866f1aa28c048d186bbb3cf438a8b42a796477c9fb
2018-06-19 14:25:51.726537,8178e1a482cc155f2f85318f9a241e66708641129dfdea71bc67252a4a6d9163
2018-06-19 14:25:53.801300,36a9bc0fc24db954cfa152c3f6827f4a2d93d49b62e24a1674f0e333e9fdab6e
2018-06-19 14:25:55.402413,bb7b89d50151d68bbc66b90ce0476172014084fe55eb31da896e368f36155f9f
2018-06-19 14:25:59.632380,a7432461c7561c75b2c969f6d183db18a7f6f8ca49880c2cd2201be114a61880
2018-06-19 14:26:00.796820,37a339bf8aa9d2b9af897852b3ab7d1cc3dd9a149e3ccbc090a248548c155e93
2018-06-19 14:26:04.245420,3e001f717bce9c71c2d131b110b8d00cd6d026a105fb2fbe471c96755dfa228c
2018-06-19 14:26:07.748551,7728774e780e23b322aabb24e2ebcd73199380da6ac83b6c9d0273d86f866aa8
2018-06-19 14:26:09.705086,ca1bbe089feb1c7ff8799e00d468e8e92b11d0ae8b3c936a21787d71fcd1329f
2018-06-19 14:26:12.107302,819c3d4ced751b95bfc99b266e581c631552ba7721d46349b222acbce9a1f62d
2018-06-19 14:26:12.678141,b08dece9f5215d9e11486bbdbae197c0a4e4a4140e97f9695a616c4f54a252d0
2018-06-19 14:26:16.906709,4238a599db769630746bf6e9c2a7168fe9b8aca7d514d00240fecbe04ea8a3c3
2018-06-19 14:26:21.279410,16b3d07aeaf7b2d6e6bfa716ab4ea5b688af515ec099c8ac7a71837beaaac1aa
2018-06-19 14:26:22.593477,89ac9bb7bb683058b1d457ac1df6f22aa414f43e47a6bc92fda7d3b12dc88e27
2018-06-19 14:26:31.666148,230eb24beb849607f393f4ecb04dc91010512488743fb9b2d8a1f9269ce7eb5b
2018-06-19 14:26:34.160741,78ce0486bff34ae7ef3625828bfd6318235288ed76463df20897d3059bde1dcb
2018-06-19 14:26:35.413650,fd6fce9985f581fd0310e0e09233d5e6eaf108d0a7d8fc3233078a36ab8eeb9e
2018-06-19 14:26:37.823586,0822fc79a82b943be40e02ab301c0f0c071de04bc5fa22c3c17cb35022e3abfe
2018-06-19 14:26:45.120640,4265147b7c1dd31a96f3983a03d0ab8eb0e14832d77f37b55c6e3f5bc472ff56
2018-06-19 14:26:47.789330,decc6f19252556f5d0faaf75e36f8bcf00fdef4b91bc6acc78c2aeb59e7b4c3b
2018-06-19 14:26:50.405106,881c8feee26dd46c1e2bda75bccacbe20d1fb2b8bf2b76732eb91ffa26500aa5
2018-06-19 14:26:53.506246,0787d59c6daca14692aea5eca26bf6fd5af326b235e64e17fb8ecc60b7c80f5e
2018-06-19 14:26:57.549773,bbb31910508875afc3abf7287c22c2ecb7cd38b487ba19372b84b2f15a26690f
2018-06-19 14:27:00.288324,a0bf27cbe45c9ea86194cbf4409cf2ae6894e44a3925b1b4277ac879680395fc
2018-06-19 14:27:03.151415,21d466328da7c8b2d38fd590a5c166318489dfe90de7ceb36c5412b82de9616c
2018-06-19 14:27:05.501831,05a6354c2c670675f39587fe1ecca578bc4fcb53f74fdf65d6ec5fc9fa2b2f70
2018-06-19 14:27:08.095015,5673f10a681041137e831c444a888143670ac06e2e6fa94171d046ba90df6dc3
2018-06-19 14:27:11.211770,3bbc53c899b46890115af4d88bd00f7b791546c18cff2f78034c8af54aa187e7
2018-06-19 14:27:13.472094,8aa86434eccb20fbb7188fd88bf256ea03db8aaa7c6a3782540b9a60a123c05e
2018-06-19 14:27:16.126313,e841fafdedc7d88a37d00536266a7cf5921cc2f75138294c82ad5be6a25bf3a0
2018-06-19 14:27:18.367744,809aac7f57c275bfdc6ebc2b0592a9af1d0d686f0569fc941f4a51dd73ede0d3
2018-06-19 14:27:21.214432,e120389eb55dbe686ffc5c5b25389f2ccf3229e989af1054ffe3f2e3d30d4c5a
2018-06-19 14:27:23.316856,5880605aadb696826af53da4ea4ad8dbd24946a2765d53567679eebc472c91bd
2018-06-19 14:27:24.413283,dc2c2238787d72d026ba135230b98b6baf480f288f27c6e6c7226056f6e53799
2018-06-19 14:27:55.055688,834c47d84081b689494888d78b179dd9f2309d2d3813a634632347845deee0af
2018-06-19 14:27:58.673135,b8e44e9b2f6b8f2f13933c258658a8f705c90ccbd65ea9e3e9fc7e2992e3dabe
2018-06-19 14:28:02.896912,4c5aeb28e137449655f029aeee3d391d2fd7fe7402abd505d4b2355f0f621090
2018-06-19 14:28:05.535372,ad813c378ccd5eb470c3a77d8e08599995db233d683b4d93c38af7e317929e5a
2018-06-19 14:28:06.568383,a5cf4e1bce7475878da0aa51bd4a5a984cf834be703637bf7e33231091af2991
2018-06-19 14:28:11.484940,7a22ddb2d70a7a3b5a0998fd4a8bd8e8c747c0bbef04e663958b5287262d3a42
2018-06-19 14:28:12.906883,be10f81273e79fcd810cf01965668bb307cbbfea387989c2587ab3a6177dba36
2018-06-19 14:28:15.977856,d0e5ff31a4d5434291bcdd02347e2a3defcdb5ce6c6b7c90ebb0aac0c182365c
2018-06-19 14:28:18.206413,bca5abab8009f93c05155534285dc08c9015b563ad9dde9b7430239a718c9e75
2018-06-19 14:28:23.420419,b53ca71dae707c0ea9b4ebfeb1e2353b832da2a2ace842bea2dff550915b720a
2018-06-19 14:28:26.909104,c711c37d0bbc338222307ffe82aa1eb9b47cffefcaf2c567fca4c0855b3ca7c2
2018-06-19 14:28:27.975318,16179725643742ef8b7df24081503d90ecf3b46fb2127cb496d934e2c86796bd
2018-06-19 14:28:32.888206,028c71f0e34814aa973ec3fdcf74b70639682037732072fc375c21f4b8ced0ab
2018-06-19 14:28:35.692076,d2f4b6d6104d135f9e067b5b0d0749951945171cf6f88c2a660506c632c5c19f
2018-06-19 14:28:38.263713,a0df7157a7495890d8518313333607bb35d6a0c6eee4eeef7402478598b5cd7c
2018-06-19 14:28:40.867924,da2c1a3257ece93e30dc6427f9e73aae66f2f6eef295733906efc8ebf4d2d10c
2018-06-19 14:28:41.923188,a5f383807f5d21a4a7dbea3b6d0a6f3382c59d14fba81796a3c32f2c613810fe
2018-06-19 14:28:44.537211,65bf7963b2cd6e3d1dcbaf06637f56cfd43d8d3e19d1db404b4dbb549c564dd6
2018-06-19 14:28:47.330535,d2401289ec92e1d61987eaefe27c3982f27cd6a2d4b8322b8a6de51a4cd048ae
2018-06-19 14:28:49.100786,caf11395fd7a92d5a924fd8b707a3bb075ad1f49483763c15c6fc914b22de4d1
2018-06-19 14:28:50.707226,dd724d3b8cd3f00ccd24d38d01c0257d165aed56d792e131bf53cf983fd0e8c3
2018-06-19 14:28:52.714486,bf77f8712f2a0fc4d3789b2e4da40dbfcc3d9a39d88805289e166a67839e333b
2018-06-19 14:28:57.105918,309454e62b559749503b741fe5f8327b4010e54f37d591bb3413c18f67728120
2018-06-19 14:28:57.954555,e84d8282e20bd69e99b1cac58e5fbf7fa68a2da18c94d55158aa899fbb239548
2018-06-19 14:29:04.989669,47beb170de09887aa4e66d7b08f80e91f754f600c461f062734058bc3965c2fc
2018-06-19 14:29:06.997990,3ef8312566f665e42e6d8265356ba001d4af1dd90f0988e341b742c38fdf4c48
2018-06-19 14:29:09.517009,0785a280d302f83e227ee87fd353e2361dea25ed0c6e37d160281aa8439cb223
2018-06-19 14:29:11.747543,75cea5aa69d47227ada9620b0a9d161223bf20989b09588be3b320536d861665
2018-06-19 14:29:13.951436,9245841c5cb546b40acdb2b670ff2588839fca6d4d7fb191f79c4e5bf341f0f1
2018-06-19 14:29:15.860079,74fa46f4aeb951ed65a19dd24deafdb57db8c82da384487910d69c4b12e8f201
2018-06-19 14:29:19.505187,e16ef199f01e394946b60b8ac7dfad719130ba886e1a0ccdeff5234303e5f0bf
2018-06-19 14:29:23.281127,afb052565646b3f912dfc76eea392ed40d1bcf8e9d22ed5443dc17600ac1694f
2018-06-19 14:29:32.539368,1286330d6739b018ef7865054d59d11d4b2625bc1a2956a2c677b398ffba0c69
2018-06-19 14:29:50.570986,29f5a5fff173aa0734578724b97808612cbec486dd6ac8e44a28ec3260461761
2018-06-19 14:29:59.575722,648a49918a7110cd028c6147539fb3a2a77ccb5f5edd46f7771fcc7a6b1a7141
2018-06-19 14:30:02.021554,c85bb71144c75323825279c1920affaa63fb9a07ac6fbab5602c9d5c137d5e82
2018-06-19 14:30:05.516095,9e8b3cabe91fc72ae57c9eb933175e46cca79a71ee0e65d644e2aa4cc2a67939
2018-06-19 14:30:06.752567,9c1fba7174c52385969103964faeefec8c98bdda318a590dc335f5d73cdd91c0
2018-06-19 14:30:12.508475,d8cdc4a806bdeb058d87e932c0fab679b21d116345e63c60f7e06840a69f3282
2018-06-19 14:30:16.359846,307336410c42875a5b244f2d36becffc56420953c7aef743ecb8f4c8c9bf80ca
2018-06-19 14:30:17.787822,7030f589353689f6576a81782faad024e08c6ac6f718d8099a001cefe5631449
2018-06-19 14:30:20.704807,3a3f323342410609bc7a457adc0202c0c1f87b6a36fae5520bcde7ec9bd52ffc
2018-06-19 14:30:25.572078,2a13a2140a937302c9c9ca76e91ea92f564a54bfd80325154d7ead6d5f97038f
2018-06-19 14:30:39.018776,291cba4344ed60a851a088cbff5706ee201ccad8782bf61ee016a0413c73c916
2018-06-19 14:30:46.856975,bb385ea94d555e508ed169e5475c032ea53018cefce09bd7ba1aefc2f0f83f27
2018-06-19 14:30:47.891842,95cbaac9f4067a1ca91453dff5869fcc915662a8aac44cbb83ef04fca203e1b5
2018-06-19 14:30:54.563786,4a535c3d23b109319034d40ebb77e263447a7dd372f2f11225afe5970bb2be69
2018-06-19 14:41:16.618833,da258e9c9868d06292c7ab4c9b7f3a5c03e95161ebbc951560bccb4a6e0f9393
2018-06-19 14:41:21.247662,1e8d6ec0492a86690c5b36ca916db6658029ce2607aebf68acb5abe526243f1d
2018-06-19 14:41:23.493112,2dcb27106c9ebe29555fa08ebee78c0a24b9539985891c4096f895ee89fdf233
2018-06-19 14:41:26.149929,66786422944c1e047a90da5ecc3bec2ea0440def3f07d061f8d12ced9124ddfa
2018-06-19 14:41:29.023221,ec7276738692a4b82f22b4546a51bb53ba642e6789af2b77ef00f58748e5aece
2018-06-19 14:41:30.281028,ecfefbfecb3c34c42c3722e3a3b883a398c4586e0c6bb8fdb3ce444726af34a0
2018-06-19 14:41:35.360527,bd7df2d89955436dae084eb9c8e47f6e5a4c99bf339094ae15858637df003de7
2018-06-19 14:41:38.074206,d131621c16d6b5f84f16c07b4d1a936542e5cbcb21ce3251d46fcc3c4a4195a0
2018-06-19 14:41:39.129860,013c5a3ddf6a916731843d3150a1fbbdecb7ca94bf3056ec9885eba59e756d97
2018-06-19 14:41:43.639637,5e6c4dbb70f71131290a7c92f7abbc7432ba931dd01c4e01b8d380b313d6556a
2018-06-19 14:41:44.574864,c304811206ec99baee70237fad0171b1b92b51360eb23500f75ad90fd253cf27
2018-06-19 14:41:52.249121,b87df0996c6c3555b1a1271472d6b724af7132a4f502681d25e0728e575446e0
2018-06-19 14:41:55.215431,710f928083808ab20bab42ad7745ec1d530c1ee031367268759b33c10a34edf8
2018-06-19 14:41:57.836937,40fcd02e4499b25db22475af4a548ab92056913b760ead7dcd11f2d0f57baa78
2018-06-19 14:41:58.980600,8debcd6b59f45db5be2a48b5cd4d57ac772adb9f0036a0fb2806fe79f492a446
2018-06-19 14:42:03.578811,f0f2d867967e000dfeb0e30c54141fc5b490f4a1252fa7e841535662f5e0cb3c
2018-06-19 14:42:04.844901,e82ad044f8b33b026118b7c94394f0cf342ddd8c50c9aeeca4117bec0d429c5d
2018-06-19 14:42:06.993150,75e6e4cb928bd7aed1f08595a4a9c97b08855a77f0a0d58f7c9daf9d07dc61ba
2018-06-19 14:42:09.921779,cf9720f91dcbdce0bb1b124a914e98cf4f0e60cc1a2f709e747a5b8e57c7e98b
2018-06-19 14:42:11.601424,271aefbfd7895847d7434879bd2fed47bb8120c40acf451b263cae8dd61ebeeb
2018-06-19 14:43:27.013097,58802b5b9679f7a417b72e8153724583555250e60cb6af60a00430a984b2a584
2018-06-19 14:43:28.573029,505527adc34f4f91a9c16f090c0549ecd621888cb2e245499ac9237c304c84d7
2018-06-19 14:43:33.222904,54d747e579c6065862462b260c5d8739ebae2f1fd550b03f7cf7765fbebb860b
2018-06-19 14:43:34.423471,256a8ce9f0cb4bd8e8f8d7aec350c53ea10d1287731034f5fea070d783cd3db4
2018-06-19 14:43:36.440252,dcdddfb20062b2a7368055049cf3e2b584e0e1a8cc8026891f80c62b2a0a98d5
2018-06-19 14:43:41.265633,ca4df17a30f1cad3929029f06efe21a3eff8f891b66a5e5b84cf4c6a3664aef4
2018-06-19 14:43:42.712246,b52dc9c7c5bc9e92dd480909fde8308bb2a11e2974b507110332806182f2f27a
2018-06-19 14:43:44.866445,35b9d88c05356206a93864a5596174e3f8bf2432dd34cb697c21877e50ec4c88
2018-06-19 14:43:46.633883,ed2e7cc9f0c4cf143ca4bc05bf2c6cb7b6c065f51ca69994adfcf75b6fb65420
2018-06-19 14:43:52.605227,f1b578d65f0437eee158b7891fb4086c157f9cd78e953503ed5bd3b40e238eae
2018-06-19 14:43:53.830079,8859d707e7e38c89f771127648dce3957034aaaf24c8755d5a4a4a3c03ceb28f
2018-06-19 14:43:58.169680,8e2da08a5c39836fc66f47e84f734efa1dc67c8c6501f2e7ddb2d6f7c1471cd8
2018-06-19 14:44:00.036270,dd86e464b7f2837891453f285d6e82ec48c550f709d34ceb727039e25684f0c0
2018-06-19 14:44:02.655465,eb36d68531ac57b27811d79d9352fcde3dbe3cdad99fafb10a4b572095ea1177
2018-06-19 14:44:04.675953,a5570b155662639485d5207f1e022c880bbee7ce2039206dc825cabd4a65a961
2018-06-19 14:44:09.889558,eb19af014be487ef55ef67bb94931440654f44737b20b6369a2af5461d84de70
2018-06-19 14:44:11.130158,50d80a30f392505ba8b724bc38324b1beca51c985532832ce5ff5662c512a77d
2018-06-19 14:44:13.080156,f411222bf109b055dc32c003f5f414a3ad8056e2e63d4fdd9e933f2790a2aa5b
2018-06-19 14:44:15.154863,8122efcd6da6d0f53d495a98ebaf3191733abf807ba4cd2c7de9291f38588444
2018-06-19 14:44:21.501277,b78f8cf9fcfb9836fc16a7769d69093d517bbe3a74d9bfc90f6cfee937477842
2018-06-19 14:44:22.740248,e49779ee0ad704af518b5faeccfc341b1cf6b98dee3debf297028755826bcfa5
2018-06-19 14:44:26.866332,ee6cc7e32ac9bb41758810d4c4456352c517fccc4fdfa45416f2df156ad11a56
2018-06-19 14:44:29.581541,2fc3bedfd2f0c52ce7d6f7bb4ce7cb21fad848504767ac8fb3956dd1e3850bf6
2018-06-19 14:44:34.935295,68a2f46e8cb17218f1ae51fe9b359fef9e996f005338a1a90e0e9d00fe20b714
2018-06-19 14:44:36.221951,1c8fd66fd639c43f21f62f27904bd4c5fdd7dd80fa012b074ea04074bfcd3b4c
2018-06-19 14:44:38.406819,7b495dc63c92c14d7a23f70d9a87d3ce29d08bd1f19bc4c1b6b70f674fa89413
2018-06-19 14:44:42.685026,6fb47884d0ac167c2d2e9dbc5be81962ef153cb770a10035cbb993c4331e2e08
2018-06-19 14:44:44.994702,946a47de2b1436d4e5bf82b74db7bad94cba7cc01152a97493f70f08a4baed2c
2018-06-19 14:44:47.026563,e030b43132c3380103a3ca268fd81a5aac49f25d0bb0d88e0a540846812b8c48
2018-06-19 14:44:48.985327,299e2d76960e59f884d5b00f8a98a45a3d96711e214d4566195e3be7c9087b67
2018-06-19 14:44:52.270667,2614bfa363397229ae131b83a587981700a0adc7780fc135409dc9e457e92f48
2018-06-19 14:44:59.300890,441c1ee5301ce2baa78b870b917649900640c4b4dd0a128f7202be1fb884a519
2018-06-19 14:45:06.511218,50950014c72a5d1a227084959da795348bac1f5ebbeedd6eeac41a9767c1e8b1
2018-06-19 14:45:11.678301,f89e5c86bfe03bf216cbf8b8906cb49f7738d80a4754f74695d945a514167c41
2018-06-19 14:45:15.956648,fc1543007a9cadefde212ff44087b08eae849a7e056a523897fc2e4cc017b2b5
2018-06-19 14:45:17.053161,79131210987d88385f7ebbc1d8847b6082c8955450718de22066862f9feed04f
2018-06-19 14:45:20.018193,e6297dcbc52378632b0ab4e39238cc9859291f87e23bee47e9c6c68c2767c97d
2018-06-19 14:45:22.090670,5fe7d6ca930c4f537b0b34917dfed57d9d43bac6c4d4cbf8d6e6a29986d4f4eb
2018-06-19 14:45:23.623399,02ed52987a2bcef9abcd3405271f8e821e3c3229468bc0a2ec3414de7dcced8f
2018-06-19 14:45:27.407687,cf5ec06c1f89922c17690a3dd7e9b331c7186600d4640de67c623717ec050c48
2018-06-19 14:45:32.247677,a5409fe4850b6e48d9e18563a196b3ed0f666eae96ad79a8b5a7a9354381f95d
2018-06-19 14:45:33.267836,cc123a97089994bc377c19f3e4ce401c34e8a8d5f4833ae710cf95a2203ff89f
2018-06-19 14:45:35.636270,42016fd930e298cd7a98ff46013d31e8a6740afaf388b2de8f7a56d132833c4a
2018-06-19 14:45:37.845615,c6d33e36d8a29587a48a371a25b7ba13be5a26d5b01dd43e4fd716da9c96035b
2018-06-19 14:45:40.074908,02be660c0b2c48f18128dd68ca50491c89980434106523b96eaaeb943434fc46
2018-06-19 14:45:44.480578,585269c5c2c752fa5e9a3f69db9dc7d0ee98ee3894598a228361ad4bc849bae2
2018-06-19 14:45:45.219230,719669700347882b321f8a17fb214928859e6f8ced746cdaa5f203d9220b5667
2018-06-19 14:45:47.759142,e266498bf0ee3666affea7f6226be5cc7733da1247a2be55028c1f1d74d012b8
2018-06-19 14:45:50.123929,921c89f2c71cdf68ad709aeb7e989664d1fda52dcff6a6dfff8eac82b17ba04b
2018-06-19 14:45:53.803607,51b63c729ba780d0a059f1b9a42f8cd492336717671a46328984717164d9157f
2018-06-19 14:45:56.159527,aa2bcd56f222be8db3f14c4f9c80212657eccd19673c30a45560cc5d6949c53e
2018-06-19 14:46:03.135166,33be193b3808590c1cdf7d01b10de674b4e9f1e2076ad9a80c041d65c541fe0a
2018-06-19 14:46:04.267863,5b878fc9c0fcd36095ac6df40e1dda95301cdfa607c06263e4e50ba8c3ab4302
2018-06-19 14:46:06.229115,34a0e5363c2e5e7f7a6e31425c7d612af5c320839a76ceb12676580c1103c063
2018-06-19 14:46:08.409286,2114b4d8571e9635fdcbc05725c8b4b6e32c5079b830e13d78db8bf5605354a0
2018-06-19 14:46:14.389488,1a915f500218ad0fbeab98cfa60060a570ef7426a84c41de8e2be4ddaaf02128
2018-06-19 14:46:16.949109,1e65ddca009f31879e0009509967b94fabb4332ac2c55d091020207d929f39a3
2018-06-19 14:46:19.815057,8bcf4de1e616183bfc7cd0177b23e81dbe2295fd8890d17558efd9345c24b904
2018-06-19 14:46:23.259243,7b308ffd5dd2db5a8e01a00b9da77e1428521ffd436b5b4d915d866db336e456
2018-06-19 14:46:26.260723,407b4678fb4a1024444805cb16f7a871a8cf7f1641f27b3a411c1e1c8c1ce18f
2018-06-19 14:46:28.565619,ab101fe23f42ebaa9a2e6837169a5c6a0d774e86934764c70a808ddfafd93789
2018-06-19 14:46:29.837477,4b02e16766d872d78a7c1fdfa30eebd9260e06a5a5d2956da89d27b0c226b655
2018-06-19 14:46:36.520884,f52040a4d3dcb84fdcf71180c3869a684172e7d08346babcaa83a32725797db9
2018-06-19 14:46:37.723977,30af2257f3847b9aec4011da061b3ee0b1094f292e1a7e43902d593414d9638b
2018-06-19 14:46:40.241715,41c3c04777bb3a46891a1796078b6600d70df22f776803e8686db5e4f618e2bc
2018-06-19 14:46:43.431264,24d1bf3ad5fefbdaef77ae1eb36dd3d9a95d26f68fa2de74d8c38d5c8746ebeb
2018-06-19 14:46:53.629962,302aa9ea5a32d3c3c4e12d7f0720c4e5ba5eaad9d741e794c1d6ace91d16771a
2018-06-19 14:46:59.449953,78597ca010bb8aacaa7633cc9631926d017e01d81fbd57cad6c219bbdab65211
2018-06-19 14:47:05.256426,1ca120f2f45a47771de1d4f18cde1b851db49049913dcf1ab0435432e6bcc5f5
2018-06-19 14:47:08.151447,514281bbf535e3225dbcb8572f71b6c23194e3ee2e70b171c27bf56e182224e6
2018-06-19 14:47:09.911533,a6700f789f51456c6fef444ba84757f5e3213224738b1bd4ea1886f146728679
2018-06-19 14:47:16.179005,e2b8184bd6ec384983096a03582e1be40183cda658bf56b6a7c46efb29a04b42
2018-06-19 14:47:19.051206,ad692711bf1f6d7f6dd3e4e002ce7c5337bcde6f27f5a96a11b8baaecd6a61b0
2018-06-19 14:47:21.680543,08d3e3ff44b5faa6f2be8e6765529cab0661bf8ba8f023c495d0c576e1ecdd1d
2018-06-19 14:47:24.710951,8e526ad88eb9a0cf2ad26842c3335c119dcd1deb8ee9696e54ab36a70682fcaa
2018-06-19 14:47:26.890966,57e2b05fbaf6466ed40c3a5c53c88cc682a25f057077bb84e353c6b95b2c4190
2018-06-19 14:47:28.115705,449e933e00ffb4f53636db327947d145bbcd2b395ad7d7f48e23e273d863de05
2018-06-19 14:47:34.021640,f7924224364b9c87c582a32495cddb61b59756076d946e8ccbb8209fd3abb903
2018-06-19 14:47:39.725866,933ff62ec2420363dfdb8be9be13d07f9a032a2ae377e05a01c14502c90e0778
2018-06-19 14:47:42.992293,5f08b17d7a8372b27ffb8f64d9ce46415e54cd0ec1ab4bd138ce78f686e1e272
2018-06-19 14:47:45.572205,31667c3b0ac151c15a70404020a4e64c00f45f54e0d72521ba53dea8a535c267
2018-06-19 14:47:46.675287,5478361e267964ab31eb6d5ded765e481666df71565f292a549e2fc4bf91711f
2018-06-19 14:47:50.708719,ce4d57ab3a734ae142be24889e0bd12c21c8e4a97c8ddd04202787bc8abe9561
2018-06-19 14:47:51.783505,7ba3190fe1184f6246238995aa84720ba91c1478fed08103bfb464ee287587c8
2018-06-19 14:47:55.779712,b19b6c5d7d1e101a2bb3d693b48bf7cfd7c4c14694a12973252756f37268476f
2018-06-19 14:47:56.675452,970e423d36a379cb4159f6a75e88e9c7aaee8f6f36ccc329459dd7db8d116303
2018-06-19 14:47:59.717311,a153e20033a7733e79d0bb6504a91e0f344676ca3e9d53f73e6afa88de94e3b9
2018-06-19 14:48:00.525651,12de9f637dc01875e65e9ba0fdeaef19f5bf6da6d3dedcb3469b9d544fa10037
2018-06-19 14:48:09.227600,fe1d38c724de427b785264d73c64703d2897c3d34e7f12882bed05cae466049e
2018-06-19 14:48:10.554243,5f2bab34eb5b0d1029880429be7754ff5c89fc01b7ad0cbd956ad359ae930d33
2018-06-19 14:48:12.367379,6e178e4740c2adf85f53c2d766069d150ae51e4d3ae2efd04e3174f90250317d
2018-06-19 14:48:14.968428,03607663074ae9bf65d8e8f0b06ce9ebc5ee62d7a90ab74ac7f5a06582fa0a69
2018-06-19 14:48:17.137498,83d73eda089349e0ebf744463780693d222685274104e88f7b0afcf88ef16a3f
2018-06-19 14:48:19.380368,1f7cd09862159d2043ff24ff25c9efb20b42ca4570de4d8392badf4d3cb1ee82
2018-06-19 14:48:21.013255,15ffc96d30323fb1802b0c482761542837c82c5a56fc294adce6307f827c64a9
2018-06-19 14:48:27.523160,6f15012e8bd4fc38029434136fd2a966888b41901e94eb3c6acce46475065e83
2018-06-19 14:48:30.537984,c766cfa62ad767a6cf6906f663978c60e97e1c530328a1e94242d690c4541253
2018-06-19 14:48:33.309555,ceec0484bceaba3e5f3c3d9982a48d7b9b7f36c7a86a49337c126da121a8045a
2018-06-19 14:48:34.782905,58827653a0828c15defb6fe136817a785d44a943a8bc23f59066fc08dab839af
2018-06-19 14:48:38.393402,8fc3dbe576aee7dfecaa33af1af39c9bd9397821b43c2549f98ca594303478b9
2018-06-19 14:48:43.835567,d83237a0ffd37b7a766cb56bef4e1344c8840e7215d20e1ec8a85679b1771d37
2018-06-19 14:48:46.957667,cee1fb2715630c352247f696844fb52a7ce60aa24af3ac74024abad3932e00a0
2018-06-19 14:48:47.500361,ac8d4b1de98873c641bfc64dbf54ff1faa3e126e48dcad511106a64333388c25
2018-06-19 14:49:08.449534,e390ba2b47de012a21103bcb2794eee472fe3d6bfecd8f06f6225be4037b1510
2018-06-19 14:49:11.511172,26d4eec31e70d5025ebc4e448851005f5d00bc0643a328865de55af5d1e04b60
2018-06-19 14:49:15.147514,748abb8bb8a4b3e67bf5c86c78db23b4c361eb037b32bdfab8c34a24602a664a
2018-06-19 14:49:19.334516,8f38dba3a850d16d66e9814659311df39b6d65114c753e3736c5ab78251ff117
2018-06-19 14:49:24.922855,1b9d4e79e124beb443b53eb05f034b4741baba19a5c08fc82aa499aa64079558
2018-06-19 14:49:26.540207,e4a7ff63d61061f53a3c9a2b7deef89e0001d18d353141bf6040ae3e28e8d93f
2018-06-19 14:49:33.208166,85e60474fbbcccee678e050d3bd76f119744ec5f4750cb339c511daf132e04e4
2018-06-19 14:49:34.406552,9243725d38b8c7d0bd57e064d1cd77a4eb3f714d4c95abb4e3abc8069a33e4e3
2018-06-19 14:49:43.323839,36768d41adfb9af3054a835cf7e24b265300a57ae663f87058ddf2f9ec6d9ba5
2018-06-19 14:49:46.516135,7c24af78156af52e6849e04ccb4f872758ec7294aabe3b04fcd33e4420fb56f2
2018-06-19 14:49:48.053182,7d9d46b203a0904da20c7f6f4a920dca5521512a76286e8a5c1649a3c4998458
2018-06-19 14:50:05.170259,eb3bfc4d39e7b64ed5902979a83bbaec25fd1617c9a4ef54a2fa72655c8e4244
2018-06-19 14:50:06.652698,12adaaa16c7aa720daa8c3214d456b8f2d7e1fc61b6e4d513bb176e861442c73
2018-06-19 14:50:14.548419,118e988ea4f28e99b1326a2628e8e19ef5c6a76865bda39a8b46818b393e61f5
2018-06-19 14:50:15.848968,64340bf5126fced19fd22b73c89a9b1036646e2a10bfeeacacc777635caff38c
2018-06-19 14:50:21.691203,830f3765b3eed2d686aaa603395d20120bfffe583714bdd58524453ebe91604d
2018-06-19 14:50:22.835770,61b14a02f0d50bddd68bb430f8343be791e943f003e68f7ec3f765232c263cf7
2018-06-19 14:50:26.201831,7fc921f304c92c65bd1f83b583c40ce5841e758fe56b6ff03d230c5752c6d08c
2018-06-19 14:50:34.298576,015fe693be2d23b9b5646660502c0c3944de306704748bbacdb854b5c5194207
2018-06-19 14:50:35.340192,fbac030b19932f319dfa2c40a7cad9a7a1e1b210dbc870dd4eda971ca4a54b90
2018-06-19 14:50:37.779120,9ffa0530ce8a074f990328bfcf1d5bbf93396e60b29b1b2638d0e4c4a29fff66
2018-06-19 14:50:40.081126,00f666a8be5d075648ef7cfdf2e669c11297a24c1f7f11dadbf4b98476d69382
2018-06-19 14:50:42.415105,184b0bb598f626161989e21732b24197a90ca5516ea164bcf6571f9670dab979
2018-06-19 14:50:44.675301,236def789177dd1a12be111ed6d572c1c6206e587bb0d4a15a4ec59b20e6a843
2018-06-19 14:50:46.587055,5cf2c7815c7335f4d151e444bfb8574eac222926ff521b6b0f2b303f7ecdfbf9
2018-06-19 14:50:48.488908,13c5b974331513095fc5ba1b6f182e2ac02410d7118b8444993f4c8e071a1961
2018-06-19 14:50:51.278024,74b74cf78d1dbe4b03e3910d4107e6e325c030169a150b7dd2fd0d545e933145
2018-06-19 14:50:54.921932,457a3e4e4e438d2031dead18d1dbf3df088b7940ca54553d3db2ea1fbcbc0168
2018-06-19 14:50:55.630815,a2f5b47185674ddadbfe810c064cca51ff2edb9956e5f30cd1c18ff582dcf783
2018-06-19 14:50:58.106440,f67b30314ed8c7611a43d88a287454dd50988ab6cb3f58d634578596d2a31f98
2018-06-19 14:50:59.719410,30ab25621c399c447ad774c93be05482227fd27db833725550b6c6c6e293618a
2018-06-19 14:51:12.214690,78d844f0bf11c656c1ad89570e20b4a898fcb840ac7829733787617103f2af08
2018-06-19 14:51:13.251195,90a0fd0fd3a9bd87d7233d419b09495924efde9f909f7127f580326ab57788ca
2018-06-19 14:51:20.795628,e91e921942d7c4680c0e2a0a6c184d823726b134cc5d133012b6ef6bc39f2465
2018-06-19 14:51:21.757661,04e5b2bb43f87f216f9a86e4e5cee6d013aca5953c42070142817a5a4f3cbc0e
2018-06-19 14:51:24.539043,6bf2558bc25278dd7051e992cd62c45130e9111d60de7b09779100d6d810204f
2018-06-19 14:51:29.730515,0fca079938c4670dabb016b28e006110d34e5552e8e4b1f2175aa98b64ecd3d4
2018-06-19 14:51:31.298561,585bf900b3e39f616ff79205495a23629516991a17e0b85489e67567b9f8809a
2018-06-19 14:51:33.326318,a20b56e363f18ae4e00b0d55a43c017b6ea31f8dec36878a4c5780d8a9791d5d
2018-06-19 14:51:36.070353,64665758a820d8d75816d581e138bc2ade4401e10bfee4c11c97ac0dc19efdf9
2018-06-19 14:51:38.425916,e802256a1750a7e2fb817340dbf04dba7b1505a600d5b77101c72cebfa8325fa
2018-06-19 14:51:41.095986,49061c44ca88cf470a1f946499eeac058d6ff1ac85a59f60bf3c3a9b2f57c65b
2018-06-19 14:51:43.312269,80381b601ac42dfa1107d412786c068a8237ea338161cbb4954fa1f33fa45170
2018-06-19 14:51:51.515455,7f719111bfdfa25521096cfb80bd3da0e366e08215e7d022f21e671d225dfbaa
2018-06-19 14:51:55.480484,92765d34dbfb4b906d4605f3a7097aa1a59c3b9c6b00ea4b6a2a7174ba0e607b
2018-06-19 14:52:03.128366,c52f2efbb14cf4ad0ebbc8e41995f7e52a50a900e96ac1d11c6f1f53599b3977
2018-06-19 14:52:06.531648,4c648eb9b3c5693dddf2cb8640fa3b125f66007b7c31229c9feadf4b490330ac
2018-06-19 14:52:12.703065,d5f233d5b9a9c7b36d98e14f3a258e9e0f5520860303a15dfbf3840707da95c3
2018-06-19 14:52:16.003884,b718c4a369db29c0ffae3ee3bb7a1d381adbcda2cd5e0133197df764266a0335
2018-06-19 14:52:19.846167,8d92172aa04549c98315237d0558aa6ce43152da7edba17121e778a9d8231dce
2018-06-19 14:52:22.549086,b5b1d62f71db82fc45467bb011daba42c77d8678a1fce7b5d463cca5e06e5357
2018-06-19 14:52:27.861814,936bc67b3bd88c9b4f9eaba6f4188055b216119cd0b7ee9f315fc06f09fa9322
2018-06-19 14:52:30.852642,4f8fb2121743c397c83fda739b64811dc3df7c569c52164dfc3426835e3f7bf2
2018-06-19 14:52:33.711784,ec7eec8c7ebeadb02007e126e7fa8bccd917bd0fceb95372a52c7ea2660b1a0a
2018-06-19 14:52:37.827047,2bbd3a3ecf68cf405f668a177c682b881c04f0b008ff6aa977751701a1579ce2
2018-06-19 14:52:40.193763,dc180b3d24f240c4ade000f468040b430c576c585c3cce6b1e61e65fa655f47d
2018-06-19 14:52:44.170725,b30d573f4d91e43480ef362a2310585cbbbecba17c922e8c78ccecbf94db1c85
2018-06-19 14:52:47.484156,5bd537c9e5cedade4c3ce0ae64f3054edaa83542a4c3e9aaa4ee99fc3540fd9d
2018-06-19 14:52:49.689220,70e76aea737164dabae0bc3115a9a8c9b6e19ae80a07475c5e26d81c1b795dd3
2018-06-19 14:52:52.007997,3107d8644abd159268edbafec3105c070d2e438687cc2a45c93e0c4e639b17c0
2018-06-19 14:52:53.053422,71ae73e4e87e61cc2c797553ec95ca9a1d49389cd4f812c97f2756ddae6948ed
2018-06-19 14:53:08.463649,cc3106f4e1e554183ce750adca496e2087a1544ab9ba781fff9d946a3803a16f
2018-06-19 14:53:11.490001,8f07fe4d450a9345d63aadaec227ee44f5af79702b048437c8d064eeb25f4df3
2018-06-19 14:54:06.508412,14a65d0d30c9d397d1c10ff49aaf8e3e75fc4e48395ec1b88ce833f7c8d76a9b
2018-06-19 14:54:11.382180,d72c9917213aebeeb1a0cbf0e3e18c2e9c64c9f73456ef2edcbb92c94b018961
2018-06-19 14:54:13.816152,e56e5634668ce971655408292a2429417b4912eef4ceee0a722d6bd19f8c6777
2018-06-19 14:54:14.958029,7357dda35958344e0247bd16bb52c88c949f8cc578b671adc9b190f5ec18d3e0
2018-06-19 14:54:20.964283,32393e8ad5658437440d04302d02498eff15b16943f64c8f6e325b83529512a1
2018-06-19 14:54:21.941179,e8e7cec7fa498b1e48e4f6c02bfaa5d6fbe2a3d684c0dc217bd78de5b090f449
2018-06-19 14:54:23.901717,a4a242620d997bd0c74a2b1ac85f661b1a36fcb2810624af4e828a6849a87fc7
2018-06-19 14:54:35.202490,9b6f709206d7788d53bf77220ab1d29a2573bdebd6851d181f53712fba6b5ac8
2018-06-19 14:54:36.415003,adf85aaef1476f5be782d961921ffc9c9a07db00a02079b6562aaaf717944ee2
2018-06-19 14:54:44.062833,7217b1863e37c9d00731d8a4fe8b50df79fd91994c09e3dbc560b7ddaab1b321
2018-06-19 14:54:47.227554,3f39eefbe358bcd3e6e86e119c3da752a74280578b602513eb595697cdc15ae7
2018-06-19 14:54:50.024810,673832a921cd8ccb48d7634180f5505a2f79ccd40ba601ca1afc82c4f625a297
2018-06-19 14:54:52.629529,647b6b328fa862d60df6a65f069156595ba87ec70d104a57341f9fd0b42e83cd
2018-06-19 14:54:53.662556,f35e6a51ae79317cdb9e3dd13b66343f574f2326b4d15bd6d0721fc68b447d03
2018-06-19 14:54:59.296746,fd022da434d5ddfd0239dc14b9e3f8376a602509a470b0ea3289bfe83196d94b
2018-06-19 14:55:00.230948,e9e01fa2b239c282000b4cd0ccc53a4ab174869b93a5cf3d6dbab09a9a9e0bf2
2018-06-19 14:55:02.747012,0964fc381832f54bf827c83a6152d57dd70ab4a0222469c79b87549e3ddb4f3a
2018-06-19 14:55:08.750023,16ee1860d06d1c030ed76cd84e716d9adece21d49e5bea1c71391ad7dbe2dda9
2018-06-19 14:55:11.816935,eca42d5e39c0a3a26d16387f2dafb7aa6712bb4cf677e50c635382a3b805101d
2018-06-19 14:55:14.576722,f7fa020c6ff0299cf012066961105ecc20c8c50c63c620d7b9570cee16a4b12e
2018-06-19 14:55:17.960519,980a6a88cab23820ed9ee6ce120abf6040dec7a4718615176182a3eba02e8702
2018-06-19 14:55:20.729010,493b60468331342c48f8e281c6a86f069c126ac5635e97af8540d1d3e1fade75
2018-06-19 14:55:21.922462,c8f5bf045944a87d750d0fd2bb1f451f7b26cb4530dbe939e615ac2ec5ae5b7f
2018-06-19 14:55:28.536275,afece8bf0063992334ac4500ad682743cc16479b3ee4ff7a31823c83f65a1041
2018-06-19 14:55:31.638445,2b6d433491047822c4ab3d0e9aade05407859cf89349366a609118adde902578
2018-06-19 14:55:34.339384,50fed04ac6624f612f79de242bdf9b5cc049903ef930f9ad2448fab1ba25a531
2018-06-19 14:55:37.073461,1919b1b3041c7191c92e9d1f9dcff06064009a3266434c8913d8df17cd2267a5
2018-06-19 14:55:38.067685,b5d500ef043e6d04578f839d20e9b16226932067b17d9d8ea83eda94d7af308d
2018-06-19 14:55:39.782932,e24c9c71f5523828134b0118ef0dd7a81c1090d2bf95e375e9b4fc0de57c6417
2018-06-19 14:55:52.422661,561160ade008baf9c0189defbd81e559c3910137849412fd4539f5a3ec67f6aa
2018-06-19 14:55:55.424648,bb12ee0126c9bfe2c799eb4cfa3bd0a992bab42aeb624bd23bca9343bcbcba34
2018-06-19 14:55:57.798579,b0309167cda3bd5f86d7c369b68aac70d42b5c2746f97636647ad0f87e12fe16
2018-06-19 14:55:58.985871,b074b8d187e227987b41598cb1aa67afd221c347cd0a4e79478a03406f3fd6a4
2018-06-19 14:56:06.155169,83d0d3d47c1b1f8716a7d7f099641820a26b48c371774e76b66777defa128578
2018-06-19 14:56:09.912323,a289f2d00deccd9b3f75d5f4b5adbe9c76bf791f4d02ce5463af2b9e4f50dccf
2018-06-19 14:56:13.612897,c24e58d37d20b2e068d6e597a94fefa70917c08c7b2304d3e91fcdce9618dc88
2018-06-19 14:56:32.558233,5cac877838106a96dcc3cb6a138c1ed1a8a6b1d8bafd7aaafc2fb49bd910d9fa
2018-06-19 14:56:33.626580,b07740745307277e02c5fb75c5f50ec9bfb93230c487fc4f05b48eb4909ce0f0
2018-06-19 14:56:39.834689,5a89fb0d359ddee3dade69bad1acc4ecb0fc8571373f5db04622ccf2c070a2e2
2018-06-19 14:56:40.879681,f91e9bfb3a04c38585ae6603533beed18009d9f7ef9e4c7c6110c8e77688bd0c
2018-06-19 14:56:43.166952,a6d21f2c5e46943265b20b4913aec5d8f6e320dd08574073c85a8461094428c9
2018-06-19 14:56:45.685517,3ebab892cc9b1f4191fc963ea11e5cefbc13a13711db8d77a81f462871c87966
2018-06-19 14:56:49.854334,76e94257d68a0e3e90bad0d3277afb4e0394b5d35493feaec4fe07ce86940e61
2018-06-19 14:56:55.224713,994913b06829b32565f97875be5a63a2339f47f180cbc3d8f71d2f7084a66212
2018-06-19 14:56:56.760876,4a69c291424cbed2ee5e66d13b7982b291af8d4ba96dc5e712e9a6122c293d6d
2018-06-19 14:56:59.460157,80f1a6141ca6642e78d583fae0b41b1ea09a19ddc7bce9fdda47371fa85dd4e9
2018-06-19 14:57:04.820275,9d33d5a6b186824ee523985e1fc5b9e92a241ed2e11e02025035e0b426e166b4
2018-06-19 14:57:07.498599,04eea0e0a48d6481225a4f2de0dd604951b55676bf65f2145f01da2f0f17f32c
2018-06-19 14:57:08.623516,cc0801a10a4952c3c58c0a9044e3e8cc0f55cc4ad1d2d520ea1690af0ce392f2
2018-06-19 14:57:11.165406,ac035f7e9165ee1494538ebeca6e7c43e06e73d55d0813ca84d743929c4bfcee
2018-06-19 14:57:13.608348,d14099f5adfda3ec96bc110f5a48016a960723836ee21b3454eefe893218d06c
2018-06-19 14:57:20.801476,ee1754257a26d52f55681163ac08787bfbfffa11e78f0ea81f18a2a5aba20924
2018-06-19 14:57:21.809822,845e6931aefe5f2ace046945109ba4f1fbf16a8fd558c53d8c85acdc696a6e2a
2018-06-19 14:57:29.127502,8ecc37623670f2d7610b0d0d8ab39fa98f4bc996df9d60d58d3a10e466aafb9e
2018-06-19 14:58:03.259095,6af616254d7ba3e603c1d397e39127319434e9aaadbaa3323af34d27f7c68569
2018-06-19 14:58:08.986675,d0445a47ce5f6fc6d778096820abfbd264d73c3781bcb2eb0e1655d792410f9e
2018-06-19 14:58:12.084109,bff2e3e92c7a2b02dd1c06d5f5c8b6d5bef4fd54503536beca12fa6a4b5f6b89
2018-06-19 14:58:13.108649,c5ffa2553b7694a87548f776bf581bdbb0f8cc253ef6a985d0f4f06f6cb7f75b
2018-06-19 14:58:17.435220,78db92536c2b0d93781a0785e34a84e34497de8f8d06bfc1ea90620360992919
2018-06-19 14:58:18.414086,db0eccfa778a58d24842cc0ef409992c7223025b7fbcf67bc4121d65bba9676f
2018-06-19 14:58:20.476929,0f0983396a1ff41c0d3c398cda8cf44e67f54fac4e7dc55555ada80a769a5975
2018-06-19 14:58:22.578651,ac11e5deb2d900c76191f4b08ef97793f0ba6ceae15f19ac334236fe928b709e
2018-06-19 14:58:26.256176,f011b744006975069906cd9c22754ef37bac14408278141c2489367ec56c7161
2018-06-19 14:58:36.335311,687e5409c61d564861b462113e998ba38f3f4225596e6b09b95765061dc40529
2018-06-19 14:58:37.284949,47d218747fb362c08209bf8ea132d1d986e0549623da83b26dff48d4e8b3978d
2018-06-19 14:58:39.457535,f649945f31376441194b02c355e3d012c97657e0ee275f642ca959c30305a283
2018-06-19 14:58:44.240425,628a43556ca26e6344a88c81aa220c5002b94abaac6931d30e2001c0c85289b0
2018-06-19 14:58:45.163531,e2527d870e989a495c1b29b50108fafa07f4c6dd89c2365e569c7f725523d5dd
2018-06-19 14:58:49.004350,69b7e49e9ef1771bd0ecf6735b4ab78dfa767dfcf91c64e91af7a45f739448fe
2018-06-19 14:58:52.102857,843a78ff987a385e6aa44334371d5ca08b95c857ddfe9d208eb26047335ef70b
2018-06-19 14:58:54.566470,9ab36401c62ded0d5ef5f7e84239bb848cb51391e315eed94182e37436289813
2018-06-19 14:58:57.471915,c7fbd0a5efcc6aebd8db6b8f678ca0615e14d0cc23bfe33a0f9227ed781d362d
2018-06-19 14:59:05.770303,9a79f082ffd4fffc428ffb3d84ab781c088c99ad4243e036c4eae037b93325d7
2018-06-19 14:59:06.612651,819e23501120daf918ec61348ebec893d2a3bf841122d828a84aac439b9ca4d3
2018-06-19 14:59:10.859735,f732df45ae48921aa419de98c57aefd8b6171bc58df38f4bbd532588e8265c21
2018-06-19 14:59:14.568243,a215c2239b5548ef587abe9ccfbef67f87afff379c715e26e04c3b8a4c9f4001
2018-06-19 14:59:23.766969,221c10984b666d85fe60b48054b7803aca8acb3ec122053aa56b80938273127a
2018-06-19 14:59:24.842917,7d0abe5e592635b7a4ec8f84c69fa8a3c15d9351d3ceebfe7b987c9c40bdc175
2018-06-19 14:59:28.908676,591fdb3667f124f125528ff6ebe7fb3bfe939891080bf8ef9a28aa74ebf67f6d
2018-06-19 14:59:34.581016,43688005ee7b7cbda914bab1c15602cd46963634afd9e9a0de3f35c1f5cb9578
2018-06-19 14:59:35.719929,78ed40ccd78916c4ba6da93f80e4150f6832f0a0ee9390feeff5ff4e673a0583
2018-06-19 14:59:38.074694,d8a533ac2ac260b04310b90a2bb95cb63eb25335251c54f173f88370e2662504
2018-06-19 14:59:40.950112,8e5f7985298f64725344dc8bca7f5591398ba3c9649b9f1e6a880c0b1493e95d
2018-06-19 14:59:44.957820,fd3c8e1def5dbb737a49c439dcc6e8e469848eb3f0b044582b16739335a4ad63
2018-06-19 14:59:47.455792,634afcaec0e6d8d16007e1af15719c191e6e122af434fbc7b26ec8640c711f91
2018-06-19 14:59:52.665640,d2d112493656cfd3db91dc8708d456292e444beb5ee83dd2f93a30950fde2913
2018-06-19 14:59:53.598665,11112a35e76eb54ae98b52166d50567005848c4936b7c3969b80246b9c2ac4bf
2018-06-19 14:59:56.199940,7337a51eb63db622f8a66cb9683bb701260b5b68df4c11eb64f8e692febdc87e
2018-06-19 15:00:11.749925,cc81c21e2db8412d8ffef3d26433722629b8388637674342a40943e31d5ac293
2018-06-19 15:00:16.284664,faf3ab9f469dda58187fc547ee1b8c25ac54ca602e07fd282d8b82429a41ec0e
2018-06-19 15:00:19.892954,68cb33cb54b8b15141bdfcee4925bdd3948e318640b9bee5687cbeb785759b23
2018-06-19 15:00:22.652901,f6c00aed46c468eb664dd819b9b17baff3fee8a64b9736e33956edb055ab0be0
2018-06-19 15:00:25.548908,bcca5c5f2c4a0aaa3a34460cc69d8257ac958b37598bf5de7042e7c432130f65
2018-06-19 15:00:26.379904,5bb8d7277d15038d73561600eb6d3621a0c6d3e2930ab3e6e791514b45a8f270
2018-06-19 15:00:31.190919,e395b3436b9bc82993109c90c2aa507850f225160cb7cb4228cc689827cadd92
2018-06-19 15:00:33.771227,32c063f9dc53ae2be1ede80ccf0965d22f12caa0d56ab02c917bb51d43d11570
2018-06-19 15:00:36.462151,b70f316f25c63a325af353306250c1862c508411fbd7502b59b6a86736f0e2e0
2018-06-19 15:00:42.805650,4042b1ca6b34e439366c25ec6e2a60ad5493a52126b60fc9547ad263e65bbdef
2018-06-19 15:00:47.509098,a82665524d46c619ef3491e6ae584ca471c6b2175a3dbf7e5fe3dd0749242394
2018-06-19 15:00:50.810888,425fe428cedd6c9e68966e954f7851d5c8fb447e73d9c0659a92542f752087d0
2018-06-19 15:00:53.882582,f15ebb00555cf729264fe2b34f4dd0b2e3c8d6a9f7a2511f6fbdbb8562ac3eb1
2018-06-19 15:00:56.253565,e7a74b51dcffe4adf40c636d40487a3cb313e5f37525c73dbb0354008196f303
2018-06-19 15:00:57.434561,29e91ba7909003d8b25c0569e4dfe74fafc8faed858e6555fcf180723f857af7
2018-06-19 15:01:05.623620,4ae3a897a91e21b850d66a4b29de9a72ffa514c02574c68aff682de2019fd5d3
2018-06-19 15:01:08.437627,a8fc697f0e4ac158308d68103d4242480ea763d021c584b9b6a06c48c66f06f6
2018-06-19 15:01:12.099516,fec61533171d400c95bcf097ebb9159c863430e82ca666228f71e33ea4518357
2018-06-19 15:01:15.972268,9d7d4d0b357db6a53d0bfc5c6c700e4321b2ca4720d2d5548ce2aa6edbb15564
2018-06-19 15:01:17.223514,a02394d76d691910edb75a2ea368b675f8dbe53e94b1a6f5d438674fff046f8b
2018-06-19 15:01:19.172801,fea879f1691be80993498e38021af0abb52e7b4d244eda11f48063a73bfb7411
2018-06-19 15:01:26.060111,78186c2e5f65f69564ab8ebea27e0e3d3f88868bdcce2630ecd6cacbdcdb32ea
2018-06-19 15:01:29.054215,
2018-06-19 15:01:29.400306,3b5c4b87d932c125842da5333424640dea6370a6c453a315df411a0214de0cb1
2018-06-19 15:01:36.343514,12cbc94641a8087ba06c704c9b5ac93ba94f7762d4efc94cacb6b198661e4570
2018-06-19 15:01:38.501698,5f3479df2952f2a4cd05ef8dc7aecb1ccf43f4c6fc30ffed621427431112178d
2018-06-19 15:01:39.772469,74dff1863c2bfa09cdca16cff3124ee9940885c9d11523f4532ba9ae5328ef37
